City_ID,City,Lat,Lng,Max Temp,Humidity,Cloudiness,Wind Speed,Country,Date
0,margaret river,-33.95,115.0667,288.84,65,91,7.06,AU,1730773364
1,waitangi,-43.9535,-176.5597,284.06,68,61,7.44,NZ,1730773365
2,olonkinbyen,70.9221,-8.7187,271.99,86,100,10.32,SJ,1730773367
3,brandon,27.9378,-82.2859,296.99,93,0,3.09,US,1730773368
4,tura,25.5198,90.2201,297.07,76,51,0.86,IN,1730773369
5,adamstown,-25.066,-130.1015,294.28,82,100,7.87,PN,1730773370
6,ebaye,8.7748,167.7392,303.16,74,0,2.06,MH,1730773371
7,iskateley,67.6803,53.1512,270.2,87,99,3.55,RU,1730773372
8,talnakh,69.4865,88.3972,267.51,96,100,3.85,RU,1730773374
9,qaqortoq,60.7167,-46.0333,261.85,81,8,3.54,GL,1730773375
10,yellowknife,62.456,-114.3525,270.05,100,75,3.09,CA,1730773376
11,wailua homesteads,22.0669,-159.378,300.59,83,75,4.63,US,1730773377
12,bethel,41.3712,-73.414,283.65,87,0,1.34,US,1730773378
13,port-aux-francais,-49.35,70.2167,279.12,92,100,17.11,TF,1730773379
14,estevan,49.1334,-102.9842,273.27,74,0,3.6,CA,1730773380
15,vila franca do campo,37.7167,-25.4333,293.38,99,100,5.59,PT,1730773383
16,hithadhoo,-0.6,73.0833,301.15,69,20,3.83,MV,1730773384
17,minas de marcona,-15.2119,-75.1103,286.87,88,77,5.75,PE,1730773109
18,touros,-5.1989,-35.4608,298.39,80,34,6.4,BR,1730773386
19,blackmans bay,-43.0167,147.3167,293.44,49,0,1.34,AU,1730773387
20,ji'an,27.1172,114.9793,294.44,59,2,4.69,CN,1730773388
21,tanjung pandan,-2.75,107.65,303.05,66,72,2.08,ID,1730773390
22,vilyuchinsk,52.9306,158.4028,273.3,62,7,1.8,RU,1730773391
23,empangeni,-28.762,31.8933,290.93,82,100,4.78,ZA,1730773392
24,iqaluit,63.7506,-68.5145,267.0,73,75,2.06,CA,1730773393
25,ilulissat,69.2167,-51.1,269.16,74,100,6.69,GL,1730773394
26,saint-pierre,-21.3393,55.4781,296.97,60,40,2.06,RE,1730773395
27,nagqu,31.5,92.0,272.13,25,100,0.89,CN,1730773396
28,tolanaro,-25.0319,46.9987,296.19,94,20,7.2,MG,1730773398
29,san clemente,33.427,-117.612,291.83,49,0,0.45,US,1730773399
30,kodiak,57.79,-152.4072,278.88,75,100,11.32,US,1730773400
31,isafjordur,66.0755,-23.124,275.31,90,97,3.89,IS,1730773401
32,la pila,22.05,-100.8667,293.97,35,0,5.13,MX,1730773402
33,prince rupert,54.3161,-130.3201,281.98,71,0,8.23,CA,1730773403
34,hawaiian paradise park,19.5933,-154.9731,297.52,99,100,2.57,US,1730773405
35,hermanus,-34.4187,19.2345,286.38,62,100,5.48,ZA,1730773406
36,umm ruwaba,12.9061,31.2158,295.92,24,14,4.52,SD,1730773407
37,poronaysk,49.2167,143.1167,274.02,52,100,1.8,RU,1730773408
38,sogod,10.3847,124.9814,302.19,75,100,1.64,PH,1730773409
39,antofagasta,-23.65,-70.4,289.75,81,31,3.04,CL,1730773410
40,puerto ayora,-0.7393,-90.3518,292.93,74,35,4.09,EC,1730773411
41,berezovo,63.9381,65.0419,269.19,82,100,5.6,RU,1730773413
42,puerto natales,-51.7236,-72.4875,278.4,60,75,6.69,CL,1730773414
43,ushuaia,-54.8,-68.3,278.96,75,75,9.77,AR,1730773415
44,celestun,20.8667,-90.4,299.85,78,37,4.06,MX,1730773416
45,avarua,-21.2078,-159.775,297.18,88,75,3.6,CK,1730773417
46,carnarvon,-24.8667,113.6333,294.98,62,0,8.81,AU,1730773418
47,kwang binh,17.4833,106.6,297.24,91,100,2.68,VN,1730773419
48,arraial do cabo,-22.9661,-42.0278,296.36,89,100,9.79,BR,1730773421
49,karratha,-20.7377,116.8463,310.76,18,18,2.81,AU,1730773422
50,geraldton,-28.7667,114.6,295.38,49,100,6.17,AU,1730773416
51,urangan,-25.3,152.9,296.43,72,0,6.75,AU,1730773425
52,grytviken,-54.2811,-36.5092,275.76,89,100,7.01,GS,1730773426
53,bredasdorp,-34.5322,20.0403,285.37,61,100,3.3,ZA,1730773428
54,korsakov,46.6328,142.7813,275.06,80,100,6.36,RU,1730773429
55,papatowai,-46.5619,169.4708,288.73,54,5,5.02,NZ,1730773430
56,camalu,30.85,-116.0667,289.18,73,0,6.77,MX,1730773431
57,bilibino,68.0546,166.4372,248.91,99,99,0.6,RU,1730773432
58,la mira,18.035,-102.3266,298.4,87,1,1.42,MX,1730773433
59,khorixas,-20.3667,14.9667,290.91,33,12,1.37,NA,1730773434
60,ribeira grande,38.5167,-28.7,293.58,78,100,5.81,PT,1730773436
61,college,64.8569,-147.8028,265.97,81,75,2.06,US,1730773437
62,port alfred,-33.5906,26.891,284.36,96,100,1.34,ZA,1730773438
63,tofol,5.3248,163.0078,303.03,74,75,1.54,FM,1730773439
64,saipan,15.1355,145.701,305.54,76,75,7.72,MP,1730773171
65,weno,7.4515,151.8468,305.12,74,40,3.6,FM,1730773441
66,edinburgh of the seven seas,-37.0676,-12.3116,286.65,74,82,1.16,SH,1730773442
67,nabire,-3.3667,135.4833,300.42,79,99,1.48,ID,1730773271
68,albany,42.6001,-73.9662,283.51,74,100,3.35,US,1730773445
69,fort bragg,35.139,-79.006,292.06,82,75,2.57,US,1730773446
70,nadym,65.5333,72.5167,264.19,90,92,7.28,RU,1730773447
71,dapaong,10.8639,0.205,295.71,31,2,2.28,TG,1730773448
72,gadzhiyevo,69.2551,33.3362,271.7,92,99,6.8,RU,1730773449
73,lata,40.1629,-8.3327,287.91,95,100,2.14,PT,1730773450
74,vondrozo,-22.8167,47.2833,292.87,96,93,1.18,MG,1730773452
75,west island,-12.1568,96.8225,301.14,78,20,7.72,CC,1730773453
76,haines city,28.1142,-81.6179,296.45,94,20,3.09,US,1730773454
77,khandyga,62.6667,135.6,252.48,87,40,0.35,RU,1730773455
78,polyarnyy,69.1989,33.4478,271.89,91,99,6.7,RU,1730773456
79,omachi,36.5,137.8667,283.27,90,100,1.54,JP,1730773457
80,labasa,-16.4167,179.3833,300.96,64,100,1.09,FJ,1730773458
81,port mathurin,-19.6833,63.4167,296.95,78,67,5.22,MU,1730773460
82,rio grande,-32.035,-52.0986,294.86,92,100,5.1,BR,1730773461
83,hastings,50.8552,0.5729,284.01,55,100,3.12,GB,1730773462
84,puerto baquerizo moreno,-0.9,-89.6,293.24,72,70,5.16,EC,1730773182
85,vorgashor,67.5833,63.95,269.19,94,100,7.3,RU,1730773464
86,st. john's,47.5649,-52.7093,274.8,70,86,1.34,CA,1730772717
87,ipira,-12.1583,-39.7372,295.0,77,23,5.63,BR,1730773467
88,jinjiang,24.8198,118.5741,297.75,53,10,5.44,CN,1730773468
89,anna regina,7.2644,-58.5077,300.64,77,75,4.23,GY,1730773469
90,enewetak,11.3474,162.3373,300.45,81,95,5.54,MH,1730773063
91,umm kaddadah,13.6017,26.6876,294.92,28,58,6.51,SD,1730773471
92,fale old settlement,-9.3852,-171.2468,300.75,77,100,3.44,TK,1730772969
93,labuan,5.2767,115.2417,303.35,79,20,2.06,MY,1730773473
94,gornopravdinsk,60.05,69.9,271.84,81,99,4.98,RU,1730773475
95,palmer,42.1584,-72.3287,282.9,76,75,2.57,US,1730773476
96,venice,27.0998,-82.4543,298.14,84,0,0.89,US,1730773477
97,san antonio de pale,-1.4014,5.6325,298.33,83,100,4.81,GQ,1730772983
98,anadyr,64.75,177.4833,266.43,73,0,9.0,RU,1730773479
99,mitsamiouli,-11.3847,43.2844,299.12,83,2,3.89,KM,1730773480
100,taoudenni,22.6783,-3.9836,299.88,15,52,3.91,ML,1730773481
101,cabedelo,-6.9811,-34.8339,298.52,75,96,6.56,BR,1730773483
102,mazabuka,-15.856,27.748,294.26,59,0,1.74,ZM,1730773484
103,sierra grande,-41.606,-65.3557,289.32,29,11,12.73,AR,1730773193
104,bereznik,62.8551,42.7072,272.95,92,100,3.69,RU,1730773002
105,ola,59.5833,151.2833,262.14,66,93,6.57,RU,1730773006
106,thompson,55.7435,-97.8558,274.24,86,100,4.63,CA,1730773016
107,beau vallon,-20.4189,57.6953,293.28,88,20,1.54,MU,1730773204
108,belyy yar,53.6039,91.3903,271.09,100,100,0.0,RU,1730773491
109,coquimbo,-29.9533,-71.3436,287.0,87,0,2.06,CL,1730772988
110,kavieng,-2.5744,150.7967,302.64,66,100,1.09,PG,1730773099
111,price,39.5994,-110.8107,274.53,46,64,5.18,US,1730773494
112,mollendo,-17.0231,-72.0147,290.31,88,88,3.6,PE,1730773495
113,soria,41.6667,-2.6667,282.66,92,96,1.7,ES,1730773496
114,bikenibeu village,1.3673,173.1241,304.13,70,40,2.57,KI,1730773497
115,kendari,-3.945,122.4989,303.78,61,100,0.64,ID,1730773499
116,jimo,36.3897,120.4622,284.03,46,0,3.0,CN,1730773500
117,guerrero negro,27.9769,-114.0611,292.27,41,0,7.75,MX,1730773501
118,salamanca,40.8333,-6.0,285.38,82,100,2.71,ES,1730772782
119,praia,14.9215,-23.5087,298.45,78,40,5.14,CV,1730773503
120,la passe,45.5549,-0.8967,287.93,89,93,4.17,FR,1730773334
121,sydney,-33.8679,151.2073,296.68,71,75,6.17,AU,1730773100
122,ta`u,-14.2336,-169.5144,300.18,80,100,10.04,AS,1730773507
123,alvorada,-12.48,-49.1247,297.04,89,100,2.99,BR,1730773508
124,emmett,43.8735,-116.4993,280.24,72,93,1.34,US,1730773509
125,akobo,7.4344,3.9497,294.54,70,0,1.22,NG,1730773510
126,bonthe,7.5264,-12.505,298.58,87,97,1.34,SL,1730773511
127,gold camp,33.2937,-111.3043,287.18,31,0,1.64,US,1730773512
128,holualoa,19.6228,-155.9522,297.35,82,100,3.44,US,1730773048
129,drayton valley,53.2168,-114.9854,272.75,78,100,2.34,CA,1730773489
130,jamestown,42.097,-79.2353,287.05,57,0,5.14,US,1730772867
131,lerwick,60.1545,-1.1494,283.55,88,100,3.33,GB,1730773421
132,birzebbuga,35.8258,14.5269,289.53,94,20,1.03,MT,1730773518
133,tome acu,-2.4189,-48.1522,298.37,65,78,1.33,BR,1730773519
134,ngama,11.7833,17.1667,297.56,28,77,3.99,TD,1730773520
135,udachny,66.4167,112.4,259.55,85,93,6.84,RU,1730773522
136,invercargill,-46.4,168.35,288.16,70,21,5.81,NZ,1730772841
137,martapura,-3.4167,114.85,303.2,74,40,1.54,ID,1730773524
138,galle,6.0367,80.217,297.82,88,100,3.42,LK,1730773388
139,viqueque,-8.8673,126.3658,303.94,54,99,3.55,TL,1730773157
140,urengoy,65.9667,78.3667,266.17,95,100,5.89,RU,1730773527
141,taltal,-25.4,-70.4833,291.16,68,4,1.61,CL,1730773528
142,petropavlovsk-kamchatsky,53.0452,158.6483,272.48,47,75,1.0,RU,1730773530
143,kalispell,48.1958,-114.3129,276.17,87,100,3.6,US,1730773531
144,plouzane,48.3833,-4.6167,285.25,100,100,3.6,FR,1730773532
145,mandera,3.9366,41.867,299.54,71,98,5.41,KE,1730773533
146,emerald,-23.5333,148.1667,306.67,31,9,4.49,AU,1730773061
147,susuman,62.7833,148.1667,252.56,94,100,1.28,RU,1730773535
148,san patricio,28.017,-97.5169,300.12,82,99,9.7,US,1730773133
149,nadi,-17.8,177.4167,303.15,62,40,4.12,FJ,1730773538
150,mount gambier,-37.8333,140.7667,297.42,26,1,3.1,AU,1730773104
151,al 'aziziyah,32.9058,45.0616,292.44,63,33,4.39,IQ,1730773540
152,port augusta,-32.5,137.7667,308.23,19,78,5.29,AU,1730773014
153,puqi,29.7167,113.8833,293.0,47,6,3.42,CN,1730773542
154,punta arenas,-53.15,-70.9167,279.21,70,75,4.63,CL,1730772998
155,shakhtinsk,49.71,72.5872,270.26,76,4,2.32,KZ,1730773544
156,portland,45.5234,-122.6762,284.16,84,40,3.09,US,1730772676
157,bamboo flat,11.7,92.7167,300.2,83,100,4.63,IN,1730773547
158,port-cartier,50.0334,-66.8654,274.34,75,100,1.67,CA,1730773548
159,ispir,40.4829,40.9956,276.62,73,18,3.0,TR,1730773549
160,bardai,11.65,7.2333,291.15,33,26,3.6,NG,1730773550
161,alenquer,-1.9417,-54.7383,299.4,77,100,0.8,BR,1730773551
162,chanute,37.6792,-95.4572,290.21,94,100,4.63,US,1730773553
163,riosucio,5.4216,-75.7032,288.35,96,100,0.93,CO,1730773554
164,nanning,22.8167,108.3167,296.4,75,100,3.91,CN,1730773555
165,sarny,51.338,26.6019,271.51,76,18,2.55,UA,1730773556
166,collie,-33.3667,116.15,291.56,55,35,6.31,AU,1730773557
167,pulivendla,14.4167,78.2333,296.9,80,25,1.73,IN,1730773558
168,bandarbeyla,9.4942,50.8122,298.36,82,77,2.28,SO,1730773559
169,nuuk,64.1835,-51.7216,268.49,93,40,4.63,GL,1730773561
170,ghugus,19.9333,79.1333,295.14,65,0,1.14,IN,1730773562
171,wenatchee,47.4235,-120.3103,283.37,55,0,8.05,US,1730773475
172,puan,35.7281,126.7319,287.09,58,71,5.68,KR,1730773564
173,san carlos de bariloche,-41.1456,-71.3082,280.01,70,40,12.35,AR,1730773566
174,fortuna,40.5982,-124.1573,287.55,83,100,0.0,US,1730773070
175,porto velho,-8.7619,-63.9039,301.18,69,20,1.03,BR,1730773568
176,sabha,27.0377,14.4283,289.78,51,0,3.75,LY,1730773569
177,caleta de carquin,-11.0925,-77.6267,291.75,86,96,4.3,PE,1730773571
178,new norfolk,-42.7826,147.0587,294.1,26,0,1.67,AU,1730773155
179,spring creek,40.7266,-115.5859,278.93,54,46,3.52,US,1730773573
180,murun-kuren,49.6342,100.1625,270.3,60,51,1.12,MN,1730773574
181,roma,43.2128,-75.4557,285.75,62,75,4.02,US,1730773575
182,nova sintra,14.8667,-24.7167,299.43,77,0,6.55,CV,1730773576
183,lebu,-37.6167,-73.65,282.83,88,0,1.79,CL,1730773577
184,timmins,48.4669,-81.3331,283.05,100,100,5.66,CA,1730773579
185,longyearbyen,78.2186,15.6401,265.06,86,0,6.17,SJ,1730773580
186,kone,-21.0595,164.8658,299.52,57,98,2.36,NC,1730773074
187,baglung,28.2719,83.5898,289.99,84,62,1.08,NP,1730773582
188,lazaro cardenas,17.9583,-102.2,299.42,83,0,1.41,MX,1730773412
189,port lincoln,-34.7333,135.8667,291.92,72,100,6.77,AU,1730773169
190,kerikeri,-35.2268,173.9474,292.96,44,0,3.66,NZ,1730773586
191,kailua-kona,19.6406,-155.9956,299.42,83,100,0.89,US,1730773587
192,guangyuan,32.442,105.823,290.07,76,64,0.66,CN,1730773588
193,kununurra,-15.7667,128.7333,310.14,36,3,2.57,AU,1730773569
194,tambura,5.6,27.4667,293.2,84,81,0.86,SS,1730773591
195,polovinnoye,54.7914,65.9864,270.62,66,100,4.22,RU,1730773593
196,itacarambi,-15.1022,-44.0919,298.39,56,100,2.09,BR,1730773594
197,siwa oasis,29.2041,25.5195,290.87,65,0,3.23,EG,1730773595
198,kapuskasing,49.4169,-82.4331,283.2,100,100,5.14,CA,1730773596
199,mwinilunga,-11.7358,24.4293,289.21,92,100,1.43,ZM,1730773597
200,atafu village,-8.5421,-172.5159,301.56,72,100,5.56,TK,1730773598
201,t'aebaek,37.1759,128.9889,284.5,66,98,1.46,KR,1730773601
202,sathupalli,17.2497,80.869,296.42,80,2,0.66,IN,1730773602
203,kismayo,-0.3582,42.5454,299.27,83,98,3.91,SO,1730773603
204,mount pearl,47.5166,-52.7813,274.34,68,100,5.66,CA,1730773336
205,mata-utu,-13.2816,-176.1745,301.01,79,98,5.01,WF,1730773153
206,salalah,17.0151,54.0924,298.2,65,0,1.03,OM,1730773606
207,badger,64.8,-147.5333,265.57,87,75,2.06,US,1730773494
208,dunedin,-45.8742,170.5036,286.93,80,88,2.68,NZ,1730773609
209,oriximina,-1.7656,-55.8661,299.06,80,88,1.57,BR,1730773610
210,tocopilla,-22.092,-70.1979,292.47,73,2,4.12,CL,1730773611
211,kalmunai,7.4167,81.8167,299.15,82,100,2.42,LK,1730773612
212,baynjiwayn,35.6183,45.9541,280.08,94,0,1.03,IQ,1730773613
213,flying fish cove,-10.4217,105.6791,300.97,89,100,5.14,CX,1730773502
214,munnar,10.1,77.0667,287.7,91,78,1.75,IN,1730773616
215,lompoc,34.6391,-120.4579,288.09,50,0,3.6,US,1730773617
216,greenland,43.0362,-70.8328,282.59,77,100,2.06,US,1730773618
217,east london,-33.0153,27.9116,285.82,86,100,5.89,ZA,1730773619
218,san julian,21.0167,-102.1667,288.47,58,0,2.71,MX,1730773620
219,colonia,50.9333,6.95,280.44,86,0,2.06,DE,1730773621
220,dazuocun,24.8862,118.9643,294.97,78,10,12.76,CN,1730773622
221,buka,40.8108,69.1986,288.12,68,100,0.72,UZ,1730773625
222,brumado,-14.2036,-41.6653,296.56,62,98,4.65,BR,1730773626
223,arfoud,31.4348,-4.2375,291.8,42,100,1.18,MA,1730773627
224,ust-nera,64.5667,143.2,251.63,96,82,0.72,RU,1730773534
225,keflavik,64.0049,-22.5624,283.39,100,100,12.35,IS,1730773051
226,derbent,42.0678,48.2899,284.2,79,6,10.4,RU,1730773631
227,viedma,-40.8135,-62.9967,292.17,22,15,7.79,AR,1730773632
228,tabou,4.423,-7.3528,298.26,87,96,1.61,CI,1730773633
229,essaouira,31.5125,-9.77,289.87,67,1,2.57,MA,1730773634
230,georgetown,5.4112,100.3354,303.12,70,20,1.54,MY,1730773635
231,chenzhou,25.8,113.0333,293.74,60,20,2.46,CN,1730773636
232,queenstown,-31.8976,26.8753,279.19,90,100,2.56,ZA,1730773637
233,sandnessjoen,66.0217,12.6316,281.53,98,100,11.17,NO,1730773152
234,necochea,-38.5473,-58.7368,285.22,41,0,3.68,AR,1730773640
235,kuala tungkal,-0.8167,103.4667,301.32,68,98,1.46,ID,1730773641
236,glace bay,46.1969,-59.957,274.14,83,40,2.57,CA,1730773643
237,stanley,54.868,-1.6985,282.16,88,100,0.51,GB,1730773055
238,shenjiamen,29.9576,122.298,290.87,68,11,8.55,CN,1730773647
239,haizhou,34.5817,119.1289,285.25,44,8,3.04,CN,1730773648
240,kirkwall,58.9848,-2.9587,283.18,76,100,3.09,GB,1730773649
241,al khafji,28.4391,48.4913,298.52,62,10,2.47,SA,1730773650
242,khemis miliana,36.261,2.2202,291.95,55,51,0.38,DZ,1730773651
243,mahajanga,-15.7167,46.3167,295.16,88,20,1.03,MG,1730773653
244,kofu,35.6639,138.5683,292.77,63,100,2.24,JP,1730773655
245,benguela,-12.5763,13.4055,297.51,85,100,1.98,AO,1730773656
246,san ignacio de velasco,-16.3667,-60.95,298.54,69,75,1.21,BO,1730773657
247,sitka,57.0531,-135.33,279.09,81,75,2.57,US,1730773658
248,jiaojiang,28.6803,121.4428,292.59,70,2,6.17,CN,1730773659
249,coyhaique,-45.5752,-72.0662,276.61,99,100,2.42,CL,1730773661
250,constantia,44.1833,28.65,275.76,58,10,6.81,RO,1730773662
251,alghero,40.5589,8.3181,283.2,100,0,0.51,IT,1730773663
252,kuressaare,58.2481,22.5039,281.45,89,75,3.09,EE,1730773664
253,rikaze,29.25,88.8833,273.9,90,100,0.89,CN,1730773665
254,hinton,53.4001,-117.5857,273.17,96,100,1.44,CA,1730773666
255,dryden,49.7833,-92.7503,278.31,87,100,4.12,CA,1730773668
256,vrede,-27.4257,29.1659,286.67,83,96,4.07,ZA,1730773669
257,san jeronimo de juarez,17.1333,-100.4667,299.59,86,50,2.22,MX,1730773670
258,nyala,12.05,24.8833,296.18,27,100,7.3,SD,1730773671
259,utrik,11.2278,169.8474,301.25,76,100,4.13,MH,1730773467
260,damasak,13.0977,12.4952,294.61,27,9,3.7,NG,1730773673
261,port elizabeth,-33.918,25.5701,285.55,99,75,3.09,ZA,1730773674
262,buon ma thuot,12.6667,108.05,298.84,75,97,2.59,VN,1730773677
263,mariental,-24.6333,17.9667,284.7,30,3,7.8,NA,1730773678
264,ulsteinvik,62.3432,5.8487,283.32,90,100,3.09,NO,1730773679
265,duong dong,10.2167,103.9667,302.15,79,40,4.12,VN,1730773680
266,newman,37.3138,-121.0208,287.62,56,1,1.06,US,1730773681
267,ancud,-41.8697,-73.8203,284.33,92,100,9.13,CL,1730773244
268,dwarka,22.2394,68.9678,300.65,59,0,2.96,IN,1730773208
269,laguna,38.421,-121.4238,290.4,54,0,1.54,US,1730773529
270,swan hill,-35.3378,143.5544,301.35,20,71,2.98,AU,1730773686
271,winkler,49.1817,-97.941,275.27,87,0,3.09,CA,1730773687
272,al qadarif,14.0349,35.3834,298.3,33,9,5.15,SD,1730773688
273,luebo,-5.35,21.4167,293.56,100,100,0.26,CD,1730773689
274,mosjoen,65.836,13.1908,280.44,93,100,3.09,NO,1730773691
275,uturoa,-16.7333,-151.4333,299.9,80,100,4.44,PF,1730773692
276,tartagal,-22.5164,-63.8013,297.73,70,72,1.02,AR,1730773693
277,vershino-darasunskiy,52.35,115.5167,265.17,53,1,1.14,RU,1730773694
278,labytnangi,66.6572,66.4183,269.86,83,100,5.31,RU,1730773673
279,luderitz,-26.6481,15.1594,285.96,47,0,8.74,NA,1730773696
280,baruun-urt,46.6806,113.2792,267.7,54,1,1.26,MN,1730773697
281,umba,66.6871,34.3429,270.72,86,46,3.5,RU,1730773698
282,sultanah,24.4926,39.5857,296.4,33,0,2.57,SA,1730773700
283,kebili,33.7044,8.969,294.1,48,2,2.56,TN,1730773701
284,red hill,33.9996,-79.2581,293.2,25,100,3.47,US,1730773702
285,tual,-5.6667,132.75,300.73,77,100,3.38,ID,1730773703
286,kambove,-10.8764,26.5969,290.44,91,100,1.11,CD,1730773704
287,ixtapa,20.7,-105.2,299.72,74,100,1.03,MX,1730773123
288,cozumel,20.5083,-86.9458,298.19,94,20,3.09,MX,1730773707
289,tazovsky,67.4667,78.7,266.72,94,100,6.47,RU,1730773708
290,wimereux,50.7696,1.6114,283.88,91,69,1.96,FR,1730773709
291,kourou,5.1552,-52.6478,298.99,81,40,3.07,GF,1730773143
292,marks,51.7111,46.7486,272.13,94,100,8.99,RU,1730773711
293,acarau,-2.8856,-40.12,298.67,82,7,7.12,BR,1730773712
294,shangrao,28.4532,117.9686,293.27,64,5,4.21,CN,1730773713
295,jawf al maqbabah,13.8378,45.8349,294.22,82,32,0.43,YE,1730773715
296,lamarque,-39.423,-65.7021,290.68,28,99,8.22,AR,1730773716
297,tamanrasset,22.785,5.5228,288.1,41,0,1.03,DZ,1730773717
298,aligudarz,33.4006,49.6949,282.66,88,22,2.6,IR,1730773718
299,northam,51.0333,-4.2167,285.71,94,100,4.22,GB,1730773719
300,lihue,21.9789,-159.3672,300.92,79,75,4.63,US,1730773720
301,inhambane,-23.865,35.3833,296.33,86,19,3.56,MZ,1730773721
302,skovorodino,53.9833,123.9167,264.64,55,4,2.52,RU,1730773723
303,mili,6.0815,171.735,301.86,70,66,4.21,MH,1730773724
304,petukhovo,55.0692,67.9019,270.8,66,99,5.27,RU,1730773725
305,paita,-5.0892,-81.1144,291.44,86,2,5.55,PE,1730773726
306,indi,17.1667,75.9667,296.49,59,0,3.61,IN,1730773727
307,greymouth,-42.4667,171.2,285.41,97,100,3.03,NZ,1730773728
308,aioun,16.6614,-9.6149,300.33,18,0,3.22,MR,1730773729
309,pitimbu,-7.4706,-34.8086,299.74,71,99,6.8,BR,1730773731
310,klyuchi,52.2667,79.1667,272.39,72,57,2.58,RU,1730773732
311,rio preto da eva,-2.6994,-59.6997,299.44,66,100,1.58,BR,1730773733
312,haiku-pauwela,20.9219,-156.3051,301.6,78,99,9.39,US,1730773239
313,klaksvik,62.2266,-6.589,283.26,98,100,5.46,FO,1730773737
314,cabo san lucas,22.8909,-109.9124,296.9,57,75,3.6,MX,1730773738
315,dellys,36.9172,3.9131,293.5,61,0,2.68,DZ,1730773739
316,shubarkuduk,49.1447,56.4872,274.51,59,100,7.39,KZ,1730773740
317,elliot,-31.3333,27.85,278.2,95,100,2.48,ZA,1730773741
318,buala,-8.145,159.5921,301.15,80,100,3.41,SB,1730773742
319,port moresby,-9.4431,147.1797,305.83,58,40,7.72,PG,1730773743
320,taro,-8.3862,115.28,302.1,46,46,1.99,ID,1730773745
321,chibuto,-24.6867,33.5306,293.56,85,4,2.57,MZ,1730773746
322,dunkirk,51.05,2.3667,280.45,95,11,2.69,FR,1730773747
323,ulladulla,-35.35,150.4667,291.42,70,100,3.33,AU,1730773748
324,keelung,25.1283,121.7419,297.23,78,47,7.03,TW,1730773749
325,vernon,50.2581,-119.2691,278.95,89,100,1.54,CA,1730773502
326,cadale,2.7603,46.3222,299.22,85,98,3.61,SO,1730773751
327,acapulco de juarez,16.8634,-99.8901,302.05,79,20,3.09,MX,1730773527
328,macenta,8.5435,-9.471,292.9,79,28,1.35,GN,1730773754
329,tangalle,6.024,80.7911,296.89,94,100,4.14,LK,1730773755
330,dzuunmod,48.2199,97.3744,270.77,51,99,2.17,MN,1730773756
331,ash shafa,21.0694,40.3119,286.89,74,2,0.93,SA,1730773757
332,happy valley-goose bay,53.3168,-60.3315,272.32,64,75,3.09,CA,1730773759
333,whitehorse,60.7161,-135.0538,267.58,92,20,0.0,CA,1730773760
334,fort mcmurray,56.7268,-111.381,270.92,93,100,1.54,CA,1730773761
335,el granada,37.5027,-122.4694,290.05,63,0,6.69,US,1730773762
336,san borja,-14.8167,-66.85,303.04,47,62,1.31,BO,1730773763
337,afaahiti,-17.75,-149.2833,298.35,83,100,3.52,PF,1730773764
338,nyrob,60.733,56.7202,266.05,96,40,1.93,RU,1730773765
339,vanimo,-2.6741,141.3028,302.64,73,55,3.42,PG,1730773767
340,dudinka,69.4058,86.1778,265.29,91,52,7.26,RU,1730773769
341,tsiombe,-25.3,45.4833,294.97,88,0,4.51,MG,1730773770
342,nsanje,-16.92,35.262,297.59,78,0,1.77,MW,1730773771
343,sekong,-6.3996,106.0252,298.15,85,100,0.35,ID,1730773772
344,mayya,61.7333,130.2811,253.29,91,79,0.73,RU,1730773774
345,hassi messaoud,31.6804,6.0729,293.07,40,0,2.06,DZ,1730773775
346,belmonte,-15.8631,-38.8828,296.36,90,83,2.58,BR,1730773776
347,conceicao da barra,-18.5933,-39.7322,296.18,89,94,3.39,BR,1730773777
348,puerto san jose,13.9256,-90.8244,299.65,84,100,3.16,GT,1730773778
349,magadan,59.5667,150.8,262.45,65,82,5.09,RU,1730773779
350,holdrege,40.4403,-99.3698,280.1,76,100,3.6,US,1730773780
351,puerto armuelles,8.2833,-82.8667,297.09,92,100,2.24,PA,1730773656
352,natal,-5.795,-35.2094,298.27,88,100,4.63,BR,1730773726
353,isangel,-19.55,169.2667,301.21,54,20,2.57,VU,1730773784
354,mar del plata,-38.0023,-57.5575,288.16,51,0,4.02,AR,1730773785
355,valparaiso,-33.0393,-71.6273,288.95,51,0,2.57,CL,1730773786
356,goondiwindi,-28.55,150.3167,310.1,19,1,7.56,AU,1730773787
357,iwon-up,40.3231,128.6553,279.35,77,100,2.21,KP,1730773789
358,progreso,21.2833,-89.6667,299.54,80,100,5.99,MX,1730773790
359,eufaula,31.8913,-85.1455,293.17,87,100,2.57,US,1730773791
360,monte carmelo,-18.7247,-47.4986,292.4,98,100,3.19,BR,1730773792
361,amravati,20.9333,77.75,295.5,61,0,1.75,IN,1730773793
362,tipasa,36.5897,2.4475,293.99,61,30,1.94,DZ,1730773794
363,monticello,45.3055,-93.7941,282.71,83,100,3.6,US,1730773795
364,moose jaw,50.4001,-105.5344,276.29,52,30,4.12,CA,1730773797
365,soritor,-6.1392,-77.1039,294.2,97,100,1.11,PE,1730773798
366,hasaki,35.7333,140.8333,292.63,71,100,11.57,JP,1730773799
367,bermeo,43.4209,-2.7215,292.26,79,94,4.35,ES,1730773800
368,conduaga,8.862,117.4893,301.49,77,100,1.29,PH,1730773801
369,pariaman,-0.619,100.12,302.18,64,71,2.16,ID,1730773802
370,taroa,8.7058,171.2275,301.69,72,98,5.36,MH,1730773804
371,shenkursk,62.1091,42.896,272.18,96,100,4.08,RU,1730773805
372,tete,-16.1564,33.5867,303.2,58,40,2.57,MZ,1730773806
373,kollo,13.3043,2.339,298.39,18,11,4.11,NE,1730773807
374,heinola,61.2056,26.0381,273.93,99,100,1.92,FI,1730773808
375,remire-montjoly,4.9167,-52.2667,298.17,94,0,0.0,GF,1730773809
376,ratnagiri,16.9833,73.3,299.77,55,4,2.63,IN,1730773810
377,manali,13.1667,80.2667,301.56,85,93,4.43,IN,1730773812
378,kijang,35.2442,129.2139,287.0,61,100,2.06,KR,1730773813
379,fernie,49.5,-115.0687,274.16,98,100,2.71,CA,1730773814
380,miyako,39.6367,141.9525,285.23,45,99,4.71,JP,1730773815
381,nouadhibou,20.931,-17.0347,293.02,84,100,7.25,MR,1730773816
382,kosmach,48.7509,24.3673,271.92,86,8,1.35,UA,1730773817
383,manjeshvar,12.7,74.8833,296.81,78,7,2.64,IN,1730773818
384,peniche,39.3558,-9.3811,293.26,95,18,8.78,PT,1730773820
385,tarfaya,27.9358,-12.9218,293.83,83,100,5.84,MA,1730773821
386,kangding,30.0513,101.9603,284.16,75,84,1.52,CN,1730773822
387,fisterra,42.9049,-9.2629,290.56,86,81,9.57,ES,1730773823
388,callao,-12.0667,-77.15,293.55,82,20,6.17,PE,1730773824
389,muynoq,43.7683,59.0214,278.81,61,100,3.91,UZ,1730773825
390,ingeniero jacobacci,-41.3427,-69.5448,279.49,62,9,16.65,AR,1730773827
391,parapat,2.663,98.9349,297.48,76,100,0.74,ID,1730773828
392,aasiaat,68.7098,-52.8699,265.4,94,100,1.63,GL,1730773829
393,veraval,20.9,70.3667,300.66,52,0,2.52,IN,1730773830
394,chonchi,-42.6128,-73.8092,281.55,92,98,3.33,CL,1730773831
395,maintirano,-18.0667,44.0167,298.97,78,94,2.62,MG,1730773833
396,mejit,10.2753,170.8646,301.58,75,87,5.66,MH,1730773834
397,yuzhno-kurilsk,44.0306,145.8556,280.61,67,88,7.87,RU,1730773835
398,kulebaki,55.4133,42.5325,268.58,88,4,2.12,RU,1730773836
399,dolinsk,47.35,142.8,275.69,80,100,4.68,RU,1730773837
400,turpan,42.9333,89.1667,288.34,31,100,0.37,CN,1730773838
401,tiksi,71.6872,128.8694,248.97,99,74,2.72,RU,1730773840
402,saint-francois,46.4154,3.9054,280.84,100,100,1.54,FR,1730773842
403,sidney,-33.8679,151.2073,296.68,70,75,6.17,AU,1730773714
404,semey,50.4111,80.2275,273.27,93,100,4.0,KZ,1730773844
405,santa marinella,42.0345,11.8536,288.54,92,28,1.02,IT,1730773845
406,san mariano,7.5,126.0,301.84,76,96,1.65,PH,1730773846
407,manakara,-22.1333,48.0167,296.35,90,100,2.71,MG,1730773849
408,christiansburg,37.1298,-80.4089,285.16,84,0,2.06,US,1730773850
409,bubaque,11.2833,-15.8333,301.5,76,2,3.09,GW,1730773851
410,aripuana,-9.1667,-60.6333,295.74,99,100,0.74,BR,1730773852
411,nyurba,63.2842,118.3319,255.35,94,72,2.05,RU,1730773853
412,kiama,-34.6833,150.8667,293.36,91,96,1.34,AU,1730773855
413,hamilton,39.1834,-84.5333,295.43,66,20,6.17,US,1730773856
414,port saint john's,-31.6229,29.5448,287.11,93,100,3.81,ZA,1730773857
415,quelimane,-17.8786,36.8883,298.12,88,40,1.54,MZ,1730773858
416,agdzhabedy,40.0528,47.4614,284.0,46,2,7.87,AZ,1730773859
417,krasnokamensk,50.0979,118.0369,267.94,59,8,1.45,RU,1730773860
418,kiunga,-6.1219,141.2906,307.89,49,65,0.46,PG,1730773862
419,mildura,-34.2,142.15,303.19,30,100,2.85,AU,1730773863
420,ilhabela,-23.7781,-45.3581,295.41,96,100,2.06,BR,1730773864
421,constitucion,-35.3333,-72.4167,283.73,73,0,4.21,CL,1730773865
422,nar'yan-mar,67.6713,53.087,270.14,88,99,3.53,RU,1730773662
423,tazacorte,28.629,-17.9293,292.69,81,0,3.58,ES,1730773867
424,huron,41.1501,-82.5499,294.46,61,72,7.56,US,1730773868
425,sirte,31.2089,16.5887,292.44,72,13,0.94,LY,1730773870
426,alotau,-10.3069,150.4462,303.55,65,81,2.4,PG,1730773871
427,patterson,37.4716,-121.1297,288.12,56,1,1.57,US,1730773589
428,thayetmyo,19.3167,95.1833,300.92,76,9,2.59,MM,1730773873
429,martinho campos,-19.3317,-45.2369,291.75,98,100,3.03,BR,1730773874
430,igarka,67.4667,86.5833,263.55,95,60,5.67,RU,1730773877
431,heyuan,23.7333,114.6833,295.98,58,100,3.48,CN,1730773878
432,rawson,-43.3002,-65.1023,291.31,24,0,10.29,AR,1730773879
433,zuni pueblo,35.0725,-108.8506,276.08,53,34,4.34,US,1730773880
434,ubari,26.5921,12.7805,289.14,49,0,1.99,LY,1730773881
435,pyapon,16.2833,95.6833,301.5,78,67,3.32,MM,1730773882
436,noyabrsk,63.1994,75.4507,267.36,88,91,7.83,RU,1730773883
437,szentgotthard,46.9526,16.2736,277.28,85,0,0.39,HU,1730773885
438,farmington,36.7281,-108.2187,279.53,51,0,6.69,US,1730773832
439,kohlu,29.8962,69.252,294.48,26,0,1.06,PK,1730773887
440,cherokee,34.2668,-84.4499,289.81,89,100,2.57,US,1730773888
441,lorengau,-2.0226,147.2712,302.3,73,99,1.16,PG,1730773890
442,sola,-13.8833,167.55,299.13,73,100,8.27,VU,1730773892
443,tuy hoa,13.0833,109.3,301.14,77,77,4.14,VN,1730773893
444,springfield,37.2153,-93.2982,291.03,95,100,6.26,US,1730773679
445,anaconda,46.1285,-112.9423,273.0,78,75,5.02,US,1730773895
446,talara,-4.5772,-81.2719,291.74,86,5,6.7,PE,1730773896
447,pierre,44.3683,-100.351,280.53,75,0,0.45,US,1730773898
448,victoria falls,-17.9235,25.843,296.52,43,30,2.72,ZW,1730773899
449,colac,-38.3333,143.5833,297.29,31,6,2.18,AU,1730773900
450,camayenne,9.535,-13.6878,300.6,79,26,2.3,GN,1730773901
451,vadso,70.0744,29.7487,273.24,86,100,6.17,NO,1730773902
452,trincomalee,8.5711,81.2335,301.66,63,40,2.26,LK,1730773903
453,danjiangkou,32.5428,111.5086,289.28,24,0,1.76,CN,1730773904
454,mount isa,-20.7333,139.5,312.02,21,9,5.66,AU,1730773906
455,aksaray,38.3726,34.0254,275.46,68,0,0.96,TR,1730773907
456,shimoda,34.6667,138.95,291.33,79,100,5.69,JP,1730773908
457,xining,36.6167,101.7667,279.36,52,0,1.24,CN,1730773909
458,malango,-2.9627,119.9001,300.4,52,73,2.15,ID,1730773910
459,yanchep,-31.55,115.6833,292.64,57,85,6.47,AU,1730773911
460,la foa,-21.7108,165.8276,297.05,66,100,2.78,NC,1730773912
461,kunri,25.1785,69.5691,299.44,54,0,2.69,PK,1730773914
462,magong,23.5654,119.5863,296.65,84,96,16.04,TW,1730773915
463,burutu,5.3509,5.5076,298.42,87,23,1.62,NG,1730773916
464,jayapura,-2.5333,140.7,304.81,70,96,2.96,ID,1730773917
465,sanibel,26.449,-82.0223,298.18,82,1,2.68,US,1730773919
466,carutapera,-1.195,-46.02,296.95,87,84,1.99,BR,1730773921
467,makungu,-8.7333,35.2833,289.04,96,12,0.75,TZ,1730773922
468,sao paulo de olivenca,-3.3783,-68.8725,296.34,83,95,0.93,BR,1730773924
469,papao,-17.75,-149.55,301.97,77,100,1.21,PF,1730773925
470,sao jose da coroa grande,-8.8978,-35.1478,299.03,67,89,4.09,BR,1730773926
471,tomatlan,19.9333,-105.25,294.95,94,0,0.42,MX,1730773927
472,yurimaguas,-5.9,-76.0833,298.33,78,19,1.05,PE,1730773928
473,murrells inlet,33.551,-79.0414,294.29,92,100,4.12,US,1730773832
474,villa hernandarias,-31.231,-59.985,288.72,95,70,4.75,AR,1730773930
475,quang ngai,15.1167,108.8,297.57,94,100,1.81,VN,1730773932
476,nyagan,62.1406,65.3936,269.6,73,36,4.64,RU,1730773933
477,houghton,47.1219,-88.569,283.57,98,92,2.24,US,1730773934
478,iquique,-20.2208,-70.1431,290.92,80,49,1.22,CL,1730773935
479,mazowe,-17.504,30.9739,294.58,48,2,1.78,ZW,1730773936
480,sterling,39.0062,-77.4286,287.15,80,100,2.06,US,1730773937
481,hadibu,12.65,54.0333,299.03,70,0,1.56,YE,1730773939
482,evinayong,1.4368,10.5512,292.84,99,100,0.54,GQ,1730773940
483,potosi,-19.5836,-65.7531,283.73,63,3,2.11,BO,1730773941
484,olyokminsk,60.3736,120.4264,258.37,86,76,1.09,RU,1730773942
485,angaur state,6.906,134.13,301.91,72,98,4.26,PW,1730773943
486,kencong,-8.2833,113.3667,302.97,62,23,2.46,ID,1730773944
487,kachug,53.9606,105.8817,269.97,59,94,1.12,RU,1730773947
488,saldanha,-33.0117,17.9442,282.18,65,0,7.82,ZA,1730773948
489,guiratinga,-16.3494,-53.7583,294.98,94,100,1.98,BR,1730773949
490,kaga bandoro,6.9896,19.1874,294.3,89,99,0.91,CF,1730773951
491,aitape,-3.1374,142.3475,303.01,72,86,2.84,PG,1730773953
492,santa maria del oro,25.9333,-105.3667,285.41,60,0,3.84,MX,1730773954
493,olinda,-8.0089,-34.8553,300.0,74,75,5.66,BR,1730773955
494,ketchikan,55.3422,-131.6461,278.58,75,75,2.06,US,1730773956
495,tadine,-21.55,167.8833,298.09,61,38,4.71,NC,1730773957
496,crane,31.3974,-102.3501,289.63,25,86,10.49,US,1730773958
497,maltby,53.4167,-1.2,282.61,89,82,0.66,GB,1730773959
498,princeville,45.7668,-61.2985,275.51,82,75,2.57,CA,1730773961
499,rio verde de mato grosso,-18.9181,-54.8442,297.71,76,5,2.3,BR,1730773962
500,dukhan,25.4297,50.7858,299.18,66,0,1.45,QA,1730773963
501,suva,-18.1416,178.4415,300.86,78,40,5.14,FJ,1730773964
502,at taj,24.2049,23.2857,287.58,55,0,3.0,LY,1730773965
503,la gi,10.6667,107.7833,301.41,76,100,1.17,VN,1730773966
504,puerto santander,8.3636,-72.4063,295.13,98,74,0.52,CO,1730773967
505,slavyanka,42.8633,131.3847,277.99,40,1,1.57,RU,1730773969
506,bodo,67.28,14.405,282.17,98,75,9.77,NO,1730773970
507,vila do maio,15.1333,-23.2167,299.06,77,56,5.69,CV,1730773971
508,yeniseysk,58.4497,92.1703,274.88,96,100,4.13,RU,1730773972
509,thunder bay,48.4001,-89.3168,282.14,93,100,3.6,CA,1730773865
510,xai-xai,-25.0519,33.6442,294.87,94,3,1.74,MZ,1730773974
511,poyarkovo,49.6,128.6833,268.55,48,3,5.06,RU,1730773976
512,nikolayevsk-on-amure,53.1406,140.73,271.06,65,97,3.92,RU,1730773977
513,canico,32.6333,-16.85,294.66,88,20,2.57,PT,1730773978
514,harnai,30.1005,67.9374,296.55,23,0,0.92,PK,1730773979
515,strelka,58.0728,93.0344,278.59,89,100,5.08,RU,1730773980
516,cova figueira,14.8905,-24.2934,293.27,78,6,2.78,CV,1730773981
517,taroudant,30.4703,-8.877,295.15,20,84,2.8,MA,1730773983
518,coahuayana de hidalgo,18.7,-103.6583,298.56,89,66,0.71,MX,1730773984
519,padang,-0.9492,100.3543,302.18,67,82,2.12,ID,1730773985
520,leava,-14.3,-178.1667,300.53,78,41,4.93,WF,1730773986
521,muscat,23.6139,58.5922,300.95,52,0,0.86,OM,1730773987
522,agat village,13.3886,144.6585,304.67,82,20,8.23,GU,1730773988
523,arroyo de la luz,39.4851,-6.584,287.01,93,96,2.24,ES,1730773989
524,tidjikja,18.5564,-11.4271,299.78,19,0,4.97,MR,1730773991
525,cartagena del chaira,1.3349,-74.8429,296.25,85,100,1.54,CO,1730773992
526,tabuk,17.4189,121.4443,299.57,84,85,4.03,PH,1730773993
527,serowe,-22.3833,26.7167,295.5,19,73,0.75,BW,1730773994
528,cerro azul,21.2,-97.7333,295.5,99,24,2.13,MX,1730773995
529,fort st. john,56.2499,-120.8529,273.09,100,100,3.09,CA,1730773996
530,road town,18.4167,-64.6167,301.17,83,20,3.6,VG,1730773997
531,aleg,17.0481,-13.9209,303.04,19,0,3.24,MR,1730773999
532,alice springs,-23.7,133.8833,310.9,16,60,2.57,AU,1730773806
533,waingapu,-9.6567,120.2641,304.88,50,0,6.62,ID,1730774001
534,hirado,33.3597,129.5531,293.35,68,70,3.89,JP,1730774002
535,cestos city,5.46,-9.5828,298.08,89,75,3.46,LR,1730774003
536,meadow lake,34.8014,-106.5436,277.42,94,100,1.39,US,1730774004
537,alvaraes,-3.2208,-64.8042,299.83,62,100,0.66,BR,1730774005
538,nadlac,46.1667,20.75,275.45,81,19,2.91,RO,1730774007
539,castillos,-34.1667,-53.8333,291.18,92,100,4.93,UY,1730774010
540,askoy,60.4092,5.226,282.31,100,75,2.06,NO,1730774011
541,saint john,45.2727,-66.0677,275.72,80,75,0.0,CA,1730774012
542,al qusayr,34.5091,36.5798,286.77,60,0,0.73,SY,1730774013
543,paracuru,-3.41,-39.0306,298.75,83,15,6.7,BR,1730774015
544,mil'kovo,55.6078,37.7956,272.78,61,92,5.88,RU,1730773891
545,al jawf,29.5,38.75,288.42,53,0,2.48,SA,1730774017
546,sigli,5.3848,95.9609,301.7,68,98,0.89,ID,1730774018
547,qamdo,31.1667,97.2333,276.72,60,86,2.43,CN,1730774019
548,ylitornio,66.3089,23.6773,270.84,97,94,0.95,FI,1730774020
549,gualdo tadino,43.2317,12.781,277.34,82,0,1.22,IT,1730774022
550,tierra blanca,14.5833,-88.5833,292.83,99,37,0.46,HN,1730774023
551,puerto deseado,-47.7503,-65.8938,284.64,28,51,13.96,AR,1730774024
552,aykhal,66.0,111.5,259.11,96,97,6.05,RU,1730774025
553,dongkan,33.9997,119.8308,287.99,46,0,3.27,CN,1730774026
554,pisco,-13.7,-76.2167,291.49,88,0,6.69,PE,1730774027
555,x-can,20.8593,-87.6697,295.84,98,6,1.49,MX,1730774029
556,angles,41.944,2.6323,287.52,97,40,0.51,ES,1730774030
557,naze,28.3667,129.4833,298.66,70,34,5.86,JP,1730774031
558,tindouf,27.6711,-8.1474,293.4,21,0,2.06,DZ,1730774032
559,krapivinskiy,54.9992,86.8133,274.95,73,100,3.73,RU,1730774033
560,muskegon,43.3,-86.1334,291.38,92,100,9.26,US,1730774034
561,nova vicosa,-17.8919,-39.3719,296.72,86,60,3.99,BR,1730774035
562,kroya,-7.6331,109.2461,302.39,67,100,1.04,ID,1730774037
563,nemuro,43.3236,145.575,281.94,53,8,7.3,JP,1730774038
564,ceeldheer,3.8488,47.1806,299.01,84,57,3.2,SO,1730774039
565,slave lake,55.2834,-114.769,275.14,64,100,0.0,CA,1730774042
566,charters towers,-20.1,146.2667,308.74,18,7,6.49,AU,1730774043
567,monrovia,6.3005,-10.7969,298.94,86,57,3.07,LR,1730774044
568,tateyama,34.9833,139.8667,291.94,77,100,4.98,JP,1730774045
569,libreville,0.3925,9.4537,296.16,94,75,1.54,GA,1730774046
570,vetluga,57.8557,45.781,265.25,96,35,1.74,RU,1730774047
571,ambon,-3.6954,128.1814,304.23,100,40,1.54,ID,1730774049
572,derzhavinsk,51.1,66.3167,270.82,79,96,4.1,KZ,1730774050
573,selfoss,63.9331,-20.9971,283.73,97,100,8.72,IS,1730773804
574,murudeshwara,14.0943,74.4845,301.48,56,73,2.0,IN,1730774052
575,ciudad lazaro cardenas,17.9583,-102.2,299.17,84,2,1.33,MX,1730774055
576,kelso,46.1468,-122.9084,283.73,87,65,0.89,US,1730773818
577,alofi,-19.0595,-169.9187,297.09,83,75,6.69,NU,1730774057
578,okhotsk,59.3833,143.3,264.3,60,58,8.14,RU,1730774058
579,mogok,22.9167,96.5,297.17,47,0,0.83,MM,1730774059
